name,species,age,energy_level,size,training_level,needs_quiet,good_with_kids,mean_score,median_score,p90_score,share_strong_match,share_zero_chance
Duke,dog,9,10,medium,9,False,False,0.2340792960037066,0.20313262022641754,0.44853137630371964,0.055,0.49
Felix,cat,11,3,small,6,True,True,0.21188589624170007,0.15270325777523225,0.5594656632971556,0.06,0.67
Thumper,rabbit,7,5,small,2,True,False,0.21905277399630718,0.15277275902713544,0.5038848794491021,0.055,0.63
Buddy,dog,9,4,small,1,False,True,0.33362508992602485,0.30312442077240115,0.6279453158448081,0.145,0.325
Mochi,cat,8,6,small,6,False,False,0.3919083315901494,0.36250044386595814,0.6568323227185645,0.215,0.175
Pepper,rabbit,8,2,small,4,True,False,0.22151496577577873,0.16681427537720855,0.5119608608476054,0.045,0.62
Lucy,dog,7,4,large,5,False,True,0.32041693038428753,0.29958933804199717,0.6054220986769154,0.11,0.34
Whiskers,cat,2,2,small,1,True,False,0.13310571246765193,0.09384749556183886,0.28727386234008934,0.0,0.81
Thumper,rabbit,4,3,small,1,True,False,0.1681942630265501,0.1263336416842437,0.35284511625583004,0.0,0.725
Penny,dog,7,9,medium,5,False,True,0.28511408216027834,0.26420284088450186,0.4991978457092347,0.055,0.35
Salem,cat,2,5,small,1,False,False,0.3163645707969496,0.2979468871048693,0.5910785524180852,0.085,0.31
Clover,rabbit,4,7,small,1,True,True,0.18263413199011055,0.1261509726957495,0.4557307235041254,0.005,0.695
Duke,dog,8,5,large,3,False,True,0.30987156011862393,0.262063884447159,0.6075850349386425,0.12,0.37
Pumpkin,cat,11,7,small,3,True,True,0.19018652824494708,0.12796583542827822,0.4596795872728076,0.03,0.66
Pebbles,rabbit,5,2,small,4,True,True,0.22695454902784085,0.1632655048873022,0.5558595832706353,0.06,0.655
Bella,dog,1,5,small,6,False,True,0.4211647765633175,0.4630975491292259,0.6662506155307028,0.21,0.185
Biscuit,cat,5,7,small,2,False,True,0.3563995261080579,0.34057358101671287,0.6367393416928536,0.14,0.26
Thumper,rabbit,6,4,small,2,True,False,0.18873867361789973,0.1355204642054995,0.41618539321269954,0.035,0.705
Penny,dog,10,5,large,4,False,True,0.3594996207513749,0.3487360411721878,0.6393770591779243,0.175,0.26
Biscuit,cat,10,4,medium,5,False,True,0.4837741900199655,0.5053574897639385,0.7201119266003435,0.35,0.105
Cinnamon,rabbit,7,5,small,4,True,False,0.2638965962237415,0.20905861793870445,0.6059789553282859,0.105,0.48
Max,dog,2,4,small,7,False,False,0.3270605779220037,0.3072268432253857,0.5757367042458079,0.075,0.285
Tigger,cat,7,8,small,1,False,True,0.23228157122311807,0.21385587311841942,0.4403150946262863,0.035,0.465
Clover,rabbit,4,5,small,1,True,False,0.19590299623503837,0.14402003932929336,0.4594847443751027,0.04,0.69
Lucy,dog,4,6,large,4,False,True,0.32460213381007313,0.3050040819241089,0.6123037192432682,0.115,0.35
Whiskers,cat,1,3,small,1,False,False,0.24333038681638652,0.2170791836921538,0.4789193376645218,0.015,0.44
Snowball,rabbit,3,5,small,2,True,False,0.21671312271426132,0.15600107070073366,0.5025829560974261,0.05,0.64
Max,dog,1,10,large,1,False,False,0.17619750094897707,0.14773439682211667,0.3108347870345525,0.015,0.665
Simba,cat,11,2,small,1,True,False,0.12350154909036835,0.07674949059035271,0.2826483185850425,0.0,0.825
Hazel,rabbit,8,6,small,1,True,True,0.21443409325396068,0.15063801575796865,0.5024197765431998,0.045,0.655
Charlie,dog,6,8,small,7,True,True,0.10188812275961137,0.08882312382612936,0.21764766484517986,0.0,0.875
Mochi,cat,1,8,small,5,True,False,0.1826744717741213,0.1591764096860345,0.3254782071858339,0.0,0.585
Thumper,rabbit,2,2,small,1,True,True,0.16917823550158106,0.1138339902515006,0.4483602863099256,0.005,0.745
Lucy,dog,7,8,medium,8,False,False,0.22007402105741675,0.17613564480764857,0.4350348869477708,0.05,0.55
Felix,cat,14,2,small,1,True,False,0.15556100245854382,0.10292250292228285,0.34950745363317454,0.0,0.78
Cocoa,rabbit,1,3,small,1,True,False,0.17308467978092246,0.13811985072314464,0.3202540070897208,0.0,0.7
Penny,dog,10,10,medium,10,False,True,0.27676275162586134,0.26684295122607765,0.4994918550992506,0.055,0.385
Shadow,cat,9,3,medium,4,False,True,0.4730248258099705,0.4904658759337638,0.7023142460669133,0.34,0.105
Cinnamon,rabbit,6,5,small,2,True,False,0.21484414065857038,0.14905979493530885,0.4943031581753273,0.045,0.64
Zoe,dog,4,6,medium,3,False,True,0.3751871540878635,0.3726836760783451,0.6553111326452705,0.16,0.255
Mittens,cat,8,6,medium,3,False,False,0.34660140434036907,0.32836454665124504,0.6231921473508707,0.125,0.265
Clover,rabbit,2,5,small,2,True,False,0.21671312271426132,0.15600107070073366,0.5025829560974261,0.05,0.64
Zoe,dog,7,10,large,10,False,False,0.19523257280630535,0.16118380273686647,0.4047104992150374,0.04,0.625
Felix,cat,6,2,medium,6,False,True,0.4538469182680353,0.4595144805275512,0.6776709651489433,0.265,0.12
Pepper,rabbit,6,4,small,1,True,False,0.17124644012789075,0.13417496562638956,0.3643472138231717,0.0,0.73
Charlie,dog,7,10,small,3,False,False,0.1910262718236988,0.15850373179449712,0.351136878973356,0.04,0.645
Mochi,cat,1,2,small,3,False,False,0.29755657438132455,0.28512887675833365,0.5754979671763886,0.075,0.345
Hazel,rabbit,4,3,small,3,True,False,0.18972989056748576,0.1347179288479366,0.4142707956426271,0.035,0.685
Daisy,dog,12,3,large,4,True,True,0.16376704640940962,0.11016637762159742,0.34537016215820615,0.01,0.72
Tigger,cat,13,6,small,2,False,False,0.35143832417282367,0.3313521344536337,0.6483590063181941,0.145,0.27
Bunbun,rabbit,4,2,small,4,True,False,0.2241164651654659,0.16933983900886337,0.5104058872362389,0.06,0.61
Charlie,dog,8,10,small,9,True,False,0.1055134200913783,0.09355542654424195,0.21224257184735923,0.0,0.885
Simba,cat,11,6,small,6,True,False,0.20591922760682566,0.14153181582638885,0.5305795416897426,0.05,0.625
Hazel,rabbit,4,3,small,1,True,False,0.1681942630265501,0.1263336416842437,0.35284511625583004,0.0,0.725
Cooper,dog,9,8,medium,9,True,False,0.09568059221787717,0.0852812687973584,0.19661921633430032,0.0,0.9
Oliver,cat,1,8,small,1,True,True,0.12145433114431019,0.10169804573795996,0.21905947272352747,0.0,0.865
Cinnamon,rabbit,2,5,small,2,True,False,0.21671312271426132,0.15600107070073366,0.5025829560974261,0.05,0.64
Bailey,dog,11,5,medium,9,False,False,0.39139954890542256,0.3661488063146229,0.6681034776272275,0.26,0.215
Biscuit,cat,11,8,medium,1,False,True,0.2204572418446349,0.19602585594783983,0.42257972876694144,0.03,0.505
Cinnamon,rabbit,8,6,small,2,True,False,0.21079971994759636,0.141601644973813,0.4932486936103168,0.06,0.635
Lucy,dog,5,9,large,5,False,False,0.19569591338472953,0.16830859443604224,0.3786894222970338,0.035,0.575
Biscuit,cat,3,5,small,5,False,True,0.4602360851344402,0.46506529621593407,0.6842331173155383,0.245,0.09
Thumper,rabbit,7,2,small,1,True,False,0.16281896740605306,0.12163308239073134,0.35384519835880623,0.0,0.745
Tucker,dog,9,4,medium,9,True,True,0.21812536639424607,0.16345646728066945,0.5412125048541225,0.055,0.61
Felix,cat,7,7,small,4,True,True,0.23357817265361625,0.18728729765241658,0.5872420014764139,0.09,0.54
Cocoa,rabbit,6,2,small,1,True,True,0.1727178505909553,0.12022211739892452,0.44521882094354837,0.005,0.725
Lucy,dog,3,3,small,5,True,True,0.21195222486586127,0.15757922606200972,0.5424910306015293,0.045,0.685
Salem,cat,12,6,small,5,True,True,0.24598252812488813,0.17768194807411525,0.5986053192611055,0.1,0.565
Hazel,rabbit,5,7,small,4,True,True,0.2376624733309166,0.19003196565907896,0.5856516581244829,0.08,0.57
Buddy,dog,7,9,large,9,False,True,0.22742455423309116,0.20552429438553055,0.4648007883189244,0.05,0.495
Cleo,cat,4,4,medium,2,False,False,0.3152061778623593,0.30632959313141916,0.598003857677815,0.1,0.31
Snowball,rabbit,3,4,small,2,True,False,0.19125566823549484,0.13105155779448707,0.4224755058704679,0.03,0.685
Rocky,dog,4,4,small,5,False,True,0.3911572493076039,0.4029289561593242,0.6293437824089781,0.18,0.215
Pumpkin,cat,2,7,medium,2,False,True,0.35072652146346256,0.33479403741653213,0.6390985816481279,0.135,0.265
Cinnamon,rabbit,7,7,small,1,True,False,0.1882400620004263,0.12788922927193774,0.45302234267761515,0.035,0.675
Bella,dog,4,8,large,9,True,False,0.08006908061408463,0.06361208924710607,0.17774497530547947,0.0,0.935
Cleo,cat,13,6,small,1,True,False,0.1678859949560941,0.10538472586379458,0.4143639449552996,0.01,0.73
Cocoa,rabbit,2,2,small,4,True,True,0.22494853923215696,0.16281997098184087,0.5544400319195109,0.055,0.655
Charlie,dog,4,5,small,5,False,True,0.43371523888251473,0.48395229614815777,0.6741251730123149,0.245,0.185
Pepper,cat,11,2,small,1,False,True,0.3220920238352526,0.2953866470354728,0.5738706244620542,0.08,0.295
Hazel,rabbit,6,5,small,3,True,False,0.21578010401412012,0.14905979493530885,0.4943031581753273,0.045,0.64
Zoe,dog,4,8,small,3,False,False,0.1766126674231425,0.141147305518717,0.3459345662278579,0.025,0.67
Pumpkin,cat,8,6,medium,2,True,True,0.2178815628612935,0.15215005013005278,0.5158658866678182,0.075,0.63
Hazel,rabbit,1,4,small,4,True,False,0.2644920412113941,0.2374477252565695,0.5163887151846043,0.07,0.39
Rocky,dog,9,8,large,3,False,True,0.19602604365717816,0.1709770597374689,0.37358492673754423,0.04,0.575
Biscuit,cat,15,7,small,3,False,True,0.1811500890208649,0.15106745393632617,0.35385512452632634,0.01,0.655
Bunbun,rabbit,3,5,small,2,True,True,0.22019024680834215,0.14351493367618462,0.5130831141420228,0.055,0.65
Luna,dog,6,7,medium,10,False,True,0.4019489663195458,0.41908524498245925,0.6632018161862011,0.255,0.21
Whiskers,cat,4,5,medium,6,True,False,0.2336030584717336,0.17442745825661876,0.557155877313403,0.085,0.56
Bunbun,rabbit,3,6,small,4,True,True,0.25362531247522907,0.1830352378917074,0.5900704709596303,0.09,0.55
